Model,Accuracy,f1_score,Precision,Recall
stroke_model_LDA_scikit.sav,[0.7338764426340801],[0.20967741935483872],[0.12264150943396226],[0.7222222222222222]
stroke_model_DT_scikit.sav,[0.8893414799728445],[0.18905472636815923],[0.14728682170542637],[0.2638888888888889]
stroke_model_LogReg_scikit.sav,[0.7467752885268161],[0.21802935010482183],[0.12839506172839507],[0.7222222222222222]
stroke_model_QDA_scikit.sav,[0.7087576374745418],[0.22423146473779385],[0.1288981288981289],[0.8611111111111112]
