,Accuracy,f1_score,Precision,Recall
0,[0.7338764426340801],[0.20967741935483872],[0.12264150943396226],[0.7222222222222222]
1,[0.8893414799728445],[0.18905472636815923],[0.14728682170542637],[0.2638888888888889]
2,[0.7467752885268161],[0.21802935010482183],[0.12839506172839507],[0.7222222222222222]
3,[0.7087576374745418],[0.22423146473779385],[0.1288981288981289],[0.8611111111111112]
